{
  "project_info": {
    "project_number": "280778100556",
    "firebase_url": "https://smart-container-5228f-default-rtdb.firebaseio.com",
    "project_id": "smart-container-5228f",
    "storage_bucket": "smart-container-5228f.appspot.com"
  },
  "client": [
    {
      "client_info": {
        "mobilesdk_app_id": "1:280778100556:android:7454c43c477fcf1502c9e9",
        "android_client_info": {
          "package_name": "com.seniorproject.myapplication"
        }
      },
      "oauth_client": [
        {
          "client_id": "280778100556-ep38qbirmlgn0fef4vlh4tkngp1iq5ub.apps.googleusercontent.com",
          "client_type": 3
        }
      ],
      "api_key": [
        {
          "current_key": "AIzaSyCVZZe-x1TvhYZPRsVoA41L9w5Bw0UmV8c"
        }
      ],
      "services": {
        "appinvite_service": {
          "other_platform_oauth_client": [
            {
              "client_id": "280778100556-ep38qbirmlgn0fef4vlh4tkngp1iq5ub.apps.googleusercontent.com",
              "client_type": 3
            }
          ]
        }
      }
    },
    {
      "client_info": {
        "mobilesdk_app_id": "1:280778100556:android:ea65ff08cb652f4102c9e9",
        "android_client_info": {
          "package_name": "com.seniorproject.smartcontainer"
        }
      },
      "oauth_client": [
        {
          "client_id": "280778100556-ep38qbirmlgn0fef4vlh4tkngp1iq5ub.apps.googleusercontent.com",
          "client_type": 3
        }
      ],
      "api_key": [
        {
          "current_key": "AIzaSyCVZZe-x1TvhYZPRsVoA41L9w5Bw0UmV8c"
        }
      ],
      "services": {
        "appinvite_service": {
          "other_platform_oauth_client": [
            {
              "client_id": "280778100556-ep38qbirmlgn0fef4vlh4tkngp1iq5ub.apps.googleusercontent.com",
              "client_type": 3
            }
          ]
        }
      }
    }
  ],
  "configuration_version": "1"
}